Company Name,Organization Email
Al-Wessam Contracting Company,Alwessam7@Gmail.Com
Inmayoun Contracting Company,Inmayoun@Gmail.Com
Awared General Contracting Company,Fared@Fared-Est.Com
acn solutions for contracting,Alwa7ed@Hotmail.Com
Ratel Al Sharq Contracting Company,Adel_77@Hotmail.Com
Dome Park Contracting Company,Vv.Com838@Icloud.Com
Al Shallal Al Arabi General Contracting Est,Info@Alshallal-Alarabi.Com
ON Arabia Contracting Company,A1032500371@Gmail.Com
Arabian Towers Projects Contracting Company,Atpcosecretary@Atpco-Sa.Com
Rawasi Sama Contracting Company,Ce3@Hotmail.Com
Gulf Pioneers Trading Company,Acc@Gpksa.Com
Ateeq Bin Atiq Al Subhi Contracting Est,Atalsubhi@Gmail.Com
Shiny Stone for Contracting SSC,Sales@Shinystone.Com.Sa
TAKWEEN AND CONSTRUCTION,B2B@Tbco.Com.Sa
Ertwa For Projects,Abo.Ziad999@Hotmail.Com
Ewan Aljawda,Fahadali@Ewanaljawda.Com
Sharjah Development Contracting Co,Alsharqimna@Gmail.Com
Alenjazat Contracting Company,Info@Alenjazat.Sa
,
Bunoon Wa Funoon Contracting Co.,Info@Bfconst.Com
Rasm Al Benaa Trading and Contracting Co,Amz@Rasmco.Com.Sa
